Accuracy,Precision,Recall,F1 Score,ROC AUC
0.7381121362668559,0.504302925989673,0.7834224598930482,0.6136125654450262,0.8419463173938877
